"","Model","Trait","Accuracy","Kappa","Sensitivity","Specificity","F1"
"Accuracy","Ordinal","GY",0.802158273381295,0.0483007593676087,0.0357142857142857,0.995495495495496,0.0677966101694915
"Accuracy1","Ordinal","GY",0.805054151624549,0.0288274250097392,0.0181818181818182,1,0.0357142857142857
"Accuracy2","Ordinal","GY",0.798561151079137,0.0409068506653521,0.0357142857142857,0.990990990990991,0.0666666666666667
"Accuracy3","Ordinal","GY",0.805054151624549,0.0288274250097392,0.0181818181818182,1,0.0357142857142857
"Accuracy4","Ordinal","GY",0.802158273381295,0.0282191432566416,0.0178571428571429,1,0.0350877192982456
