"","Model","Trait","Accuracy","Kappa","Sensitivity","Specificity","F1"
"Accuracy","Ordinal","GY",0.70863309352518,0.3035813694563,0.678571428571429,0.716216216216216,0.484076433121019
"Accuracy1","Ordinal","GY",0.653429602888087,0.235290734456778,0.690909090909091,0.644144144144144,0.441860465116279
"Accuracy2","Ordinal","GY",0.679856115107914,0.242576379109778,0.625,0.693693693693694,0.440251572327044
"Accuracy3","Ordinal","GY",0.602888086642599,0.186294931367836,0.709090909090909,0.576576576576577,0.414893617021277
"Accuracy4","Ordinal","GY",0.629496402877698,0.140894089408941,0.535714285714286,0.653153153153153,0.368098159509202
