"","Model","Trait","Accuracy","Kappa","Sensitivity","Specificity","F1"
"Accuracy","Ordinal","GY",0.60431654676259,0.0960151353908004,0.5,0.630630630630631,0.337349397590361
"Accuracy1","Ordinal","GY",0.555956678700361,-0.00388933085830457,0.4,0.594594594594595,0.263473053892216
"Accuracy2","Ordinal","GY",0.636690647482014,0.14909994545124,0.535714285714286,0.662162162162162,0.372670807453416
"Accuracy3","Ordinal","GY",0.635379061371841,0.0856890748063664,0.418181818181818,0.689189189189189,0.312925170068027
"Accuracy4","Ordinal","GY",0.579136690647482,0.00428580175105591,0.375,0.630630630630631,0.264150943396226
