"","Model","Trait","Accuracy","Kappa","Sensitivity","Specificity","F1"
"Accuracy","Ordinal","SN",0.204545454545455,0,1,0,0.339622641509434
"Accuracy1","Ordinal","SN",0.195402298850575,0,1,0,0.326923076923077
"Accuracy2","Ordinal","SN",0.204545454545455,0,1,0,0.339622641509434
"Accuracy3","Ordinal","SN",0.195402298850575,0,1,0,0.326923076923077
"Accuracy4","Ordinal","SN",0.204545454545455,0,1,0,0.339622641509434
