"","Model","Trait","Accuracy","Kappa","Sensitivity","Specificity","F1"
"Accuracy","Ordinal","Height",0.365979381443299,0.0784737777091217,0.948717948717949,0.219354838709677,0.375634517766497
"Accuracy1","Ordinal","Height",0.333333333333333,0.0579576816927322,0.947368421052632,0.181818181818182,0.36
"Accuracy2","Ordinal","Height",0.38860103626943,0.101688229725465,0.974358974358974,0.24025974025974,0.391752577319588
"Accuracy3","Ordinal","Height",0.390625,0.0946316298565211,0.947368421052632,0.253246753246753,0.380952380952381
"Accuracy4","Ordinal","Height",0.38860103626943,0.076555023923445,0.897435897435897,0.25974025974026,0.372340425531915
