"","Model","Trait","Accuracy","Kappa","Sensitivity","Specificity","F1"
"Accuracy","Ordinal","Height",0.572164948453608,0.117118105055379,0.615384615384615,0.561290322580645,0.366412213740458
"Accuracy1","Ordinal","Height",0.557291666666667,0.120120767737761,0.657894736842105,0.532467532467532,0.37037037037037
"Accuracy2","Ordinal","Height",0.523316062176166,0.0834193681602312,0.641025641025641,0.493506493506494,0.352112676056338
"Accuracy3","Ordinal","Height",0.5625,0.113846153846154,0.631578947368421,0.545454545454545,0.363636363636364
"Accuracy4","Ordinal","Height",0.590673575129534,0.136000453334844,0.615384615384615,0.584415584415584,0.377952755905512
