"","Model","Trait","Accuracy","Kappa","Sensitivity","Specificity","F1"
"Accuracy","Ordinal","Height",0.417525773195876,0.113689657960702,0.948717948717949,0.283870967741935,0.39572192513369
"Accuracy1","Ordinal","Height",0.432291666666667,0.115169964485033,0.921052631578947,0.311688311688312,0.391061452513966
"Accuracy2","Ordinal","Height",0.419689119170984,0.131608548931384,1,0.272727272727273,0.410526315789474
"Accuracy3","Ordinal","Height",0.421875,0.0809039158185269,0.842105263157895,0.318181818181818,0.365714285714286
"Accuracy4","Ordinal","Height",0.466321243523316,0.141926015453015,0.923076923076923,0.350649350649351,0.411428571428571
