"","Model","Trait","Accuracy","Kappa","Sensitivity","Specificity","F1"
"Accuracy","Ordinal","Height",0.757731958762887,-0.0449232179692873,0.0256410256410256,0.941935483870968,0.0408163265306122
"Accuracy1","Ordinal","Height",0.78125,0.118881118881119,0.157894736842105,0.935064935064935,0.222222222222222
"Accuracy2","Ordinal","Height",0.782383419689119,0.145117063910568,0.179487179487179,0.935064935064935,0.25
"Accuracy3","Ordinal","Height",0.744791666666667,-0.0151057401812694,0.0789473684210526,0.909090909090909,0.109090909090909
"Accuracy4","Ordinal","Height",0.761658031088083,0.0636996414258601,0.128205128205128,0.922077922077922,0.178571428571429
