"","Model","Trait","Accuracy","Kappa","Sensitivity","Specificity","F1"
"Accuracy","Ordinal","GY",0.593869731800766,0.0843317667306547,0.5,0.617224880382775,0.329113924050633
"Accuracy1","Ordinal","GY",0.673076923076923,0.253075571177505,0.673076923076923,0.673076923076923,0.451612903225806
"Accuracy2","Ordinal","GY",0.7,0.303571428571428,0.711538461538462,0.697115384615385,0.486842105263158
"Accuracy3","Ordinal","GY",0.680769230769231,0.270650263620387,0.692307692307692,0.677884615384615,0.464516129032258
"Accuracy4","Ordinal","GY",0.65,0.174228675136116,0.557692307692308,0.673076923076923,0.389261744966443
