"","Model","Trait","Accuracy","Kappa","Sensitivity","Specificity","F1"
"Accuracy","Ordinal","GY",0.666666666666667,0.175639862043928,0.519230769230769,0.703349282296651,0.382978723404255
"Accuracy1","Ordinal","GY",0.638461538461538,0.160714285714286,0.557692307692308,0.658653846153846,0.381578947368421
"Accuracy2","Ordinal","GY",0.696153846153846,0.250474383301708,0.596153846153846,0.721153846153846,0.439716312056738
"Accuracy3","Ordinal","GY",0.7,0.280442804428044,0.653846153846154,0.711538461538462,0.465753424657534
"Accuracy4","Ordinal","GY",0.688461538461538,0.213592233009709,0.538461538461538,0.725961538461538,0.408759124087591
