"","Model","Trait","Accuracy","Kappa","Sensitivity","Specificity","F1"
"Accuracy","Ordinal","GY",0.808429118773946,0.0809859154929579,0.0576923076923077,0.995215311004785,0.107142857142857
"Accuracy1","Ordinal","GY",0.803846153846154,0.0304182509505705,0.0192307692307692,1,0.0377358490566038
"Accuracy2","Ordinal","GY",0.807692307692308,0.080882352941176,0.0576923076923077,0.995192307692308,0.107142857142857
"Accuracy3","Ordinal","GY",0.803846153846154,0.0520446096654269,0.0384615384615385,0.995192307692308,0.0727272727272727
"Accuracy4","Ordinal","GY",0.807692307692308,0.080882352941176,0.0576923076923077,0.995192307692308,0.107142857142857
