"","Model","Trait","Accuracy","Kappa","Sensitivity","Specificity","F1"
"Accuracy","Ordinal","GY",0.585106382978723,-0.0464319695528065,0.280701754385965,0.662222222222222,0.214765100671141
"Accuracy1","Ordinal","GY",0.592857142857143,0.0371621621621621,0.410714285714286,0.638392857142857,0.2875
"Accuracy2","Ordinal","GY",0.582142857142857,0.098613251155624,0.553571428571429,0.589285714285714,0.346368715083799
"Accuracy3","Ordinal","GY",0.625,0.11764705882353,0.5,0.65625,0.347826086956522
"Accuracy4","Ordinal","GY",0.619217081850534,0.0641787792959631,0.410714285714286,0.671111111111111,0.300653594771242
