"","Model","Trait","Accuracy","Kappa","Sensitivity","Specificity","F1"
"Accuracy","Ordinal","GY",0.641843971631206,0.183662940670679,0.596491228070175,0.653333333333333,0.402366863905325
"Accuracy1","Ordinal","GY",0.621428571428571,0.171875,0.625,0.620535714285714,0.397727272727273
"Accuracy2","Ordinal","GY",0.617857142857143,0.152139461172742,0.589285714285714,0.625,0.38150289017341
"Accuracy3","Ordinal","GY",0.657142857142857,0.145907473309608,0.482142857142857,0.700892857142857,0.36
"Accuracy4","Ordinal","GY",0.601423487544484,0.0831439724989801,0.482142857142857,0.631111111111111,0.325301204819277
