"","Model","Trait","Accuracy","Kappa","Sensitivity","Specificity","F1"
"Accuracy","Ordinal","GY",0.708171206225681,0.293619672371459,0.653846153846154,0.721951219512195,0.475524475524476
"Accuracy1","Ordinal","GY",0.729411764705882,0.285714285714286,0.568627450980392,0.769607843137255,0.456692913385827
"Accuracy2","Ordinal","GY",0.698039215686274,0.298724954462659,0.705882352941177,0.696078431372549,0.483221476510067
"Accuracy3","Ordinal","GY",0.717647058823529,0.354838709677419,0.784313725490196,0.700980392156863,0.526315789473684
"Accuracy4","Ordinal","GY",0.709803921568627,0.274509803921569,0.607843137254902,0.735294117647059,0.455882352941176
