"","Model","Trait","Accuracy","Kappa","Sensitivity","Specificity","F1"
"Accuracy","Ordinal","GY",0.793774319066148,0.0947697215391766,0.0961538461538462,0.970731707317073,0.158730158730159
"Accuracy1","Ordinal","GY",0.796078431372549,0.182389937106918,0.196078431372549,0.946078431372549,0.277777777777778
"Accuracy2","Ordinal","GY",0.807843137254902,0.222222222222222,0.215686274509804,0.955882352941177,0.309859154929577
"Accuracy3","Ordinal","GY",0.815686274509804,0.192439862542955,0.156862745098039,0.980392156862745,0.253968253968254
"Accuracy4","Ordinal","GY",0.823529411764706,0.210526315789473,0.156862745098039,0.990196078431373,0.262295081967213
