"","Model","Trait","Accuracy","Kappa","Sensitivity","Specificity","F1"
"Accuracy","Ordinal","GY",0.719844357976654,0.318051153534311,0.673076923076923,0.731707317073171,0.492957746478873
"Accuracy1","Ordinal","GY",0.658823529411765,0.224598930481283,0.647058823529412,0.661764705882353,0.431372549019608
"Accuracy2","Ordinal","GY",0.701960784313725,0.227642276422764,0.529411764705882,0.745098039215686,0.415384615384615
"Accuracy3","Ordinal","GY",0.713725490196078,0.296724470134875,0.647058823529412,0.730392156862745,0.474820143884892
"Accuracy4","Ordinal","GY",0.658823529411765,0.207650273224044,0.607843137254902,0.67156862745098,0.416107382550336
