"","Model","Trait","Accuracy","Kappa","Sensitivity","Specificity","F1"
"Accuracy","Ordinal","PHR",0.791044776119403,0,0,1,NA
"Accuracy1","Ordinal","PHR",0.8,0.084507042253521,0.0769230769230769,0.980769230769231,0.133333333333333
"Accuracy2","Ordinal","PHR",0.738461538461539,0.0449438202247193,0.153846153846154,0.884615384615385,0.19047619047619
"Accuracy3","Ordinal","PHR",0.769230769230769,0.096385542168675,0.153846153846154,0.923076923076923,0.210526315789474
"Accuracy4","Ordinal","PHR",0.815384615384615,0.117647058823529,0.0769230769230769,1,0.142857142857143
