"","Model","Trait","Accuracy","Kappa","Sensitivity","Specificity","F1"
"Accuracy","Ordinal","YPH",0.578125,0.0505494505494506,0.461538461538462,0.607843137254902,0.307692307692308
"Accuracy1","Ordinal","YPH",0.65625,0.174677608440797,0.538461538461538,0.686274509803922,0.388888888888889
"Accuracy2","Ordinal","YPH",0.693548387096774,0.236057068741894,0.583333333333333,0.72,0.424242424242424
"Accuracy3","Ordinal","YPH",0.65625,0.174677608440797,0.538461538461538,0.686274509803922,0.388888888888889
"Accuracy4","Ordinal","YPH",0.578125,0.0886075949367089,0.538461538461538,0.588235294117647,0.341463414634146
