"","Model","Trait","Accuracy","Kappa","Sensitivity","Specificity","F1"
"Accuracy","Ordinal","YPH",0.296875,0.0013869625520111,0.846153846153846,0.156862745098039,0.328358208955224
"Accuracy1","Ordinal","YPH",0.421875,0.133235724743777,1,0.274509803921569,0.412698412698413
"Accuracy2","Ordinal","YPH",0.483870967741935,0.178807947019868,1,0.36,0.428571428571429
"Accuracy3","Ordinal","YPH",0.3125,0.0105411103302881,0.846153846153846,0.176470588235294,0.333333333333333
"Accuracy4","Ordinal","YPH",0.328125,0.0702702702702703,1,0.156862745098039,0.376811594202899
