"","Model","Trait","Accuracy","Kappa","Sensitivity","Specificity","F1"
"Accuracy","Ordinal","YPH",0.796875,0.154471544715447,0.153846153846154,0.96078431372549,0.235294117647059
"Accuracy1","Ordinal","YPH",0.859375,0.492957746478873,0.461538461538462,0.96078431372549,0.571428571428571
"Accuracy2","Ordinal","YPH",0.854838709677419,0.447524752475248,0.416666666666667,0.96,0.526315789473684
"Accuracy3","Ordinal","YPH",0.90625,0.650273224043716,0.538461538461538,1,0.7
"Accuracy4","Ordinal","YPH",0.796875,0.154471544715447,0.153846153846154,0.96078431372549,0.235294117647059
