"","Model","Trait","Accuracy","Kappa","Sensitivity","Specificity","F1"
"Accuracy","Ordinal","YPH",0.78125,0.324283559577677,0.461538461538462,0.862745098039216,0.461538461538462
"Accuracy1","Ordinal","YPH",0.8125,0.452211126961484,0.615384615384615,0.862745098039216,0.571428571428572
"Accuracy2","Ordinal","YPH",0.774193548387097,0.475845410628019,0.916666666666667,0.74,0.611111111111111
"Accuracy3","Ordinal","YPH",0.6875,0.386385426653883,1,0.607843137254902,0.565217391304348
"Accuracy4","Ordinal","YPH",0.765625,0.396984924623116,0.692307692307692,0.784313725490196,0.545454545454546
