"","Model","Trait","Accuracy","Kappa","Sensitivity","Specificity","F1"
"Accuracy","Ordinal","Height",0.545454545454545,0.0307498651321705,0.483870967741935,0.560975609756098,0.3
"Accuracy1","Ordinal","Height",0.526315789473684,0.0526315789473684,0.566666666666667,0.516393442622951,0.320754716981132
"Accuracy2","Ordinal","Height",0.5,0.0373437246306219,0.580645161290323,0.479674796747967,0.31858407079646
"Accuracy3","Ordinal","Height",0.592105263157895,0.17100633356791,0.7,0.565573770491803,0.403846153846154
"Accuracy4","Ordinal","Height",0.577922077922078,0.135727853565878,0.645161290322581,0.560975609756098,0.380952380952381
