"","Model","Trait","Accuracy","Kappa","Sensitivity","Specificity","F1"
"Accuracy","Ordinal","Height",0.422077922077922,0.0564505025471567,0.774193548387097,0.333333333333333,0.35036496350365
"Accuracy1","Ordinal","Height",0.401315789473684,0.0751537844343407,0.866666666666667,0.286885245901639,0.363636363636364
"Accuracy2","Ordinal","Height",0.331168831168831,-0.0393133272179269,0.67741935483871,0.24390243902439,0.289655172413793
"Accuracy3","Ordinal","Height",0.414473684210526,0.0726624622977791,0.833333333333333,0.311475409836066,0.359712230215827
"Accuracy4","Ordinal","Height",0.38961038961039,0.0340317629787803,0.774193548387097,0.292682926829268,0.338028169014085
