"","Model","Trait","Accuracy","Kappa","Sensitivity","Specificity","F1"
"Accuracy","Ordinal","Height",0.350649350649351,0.0318118948824343,0.838709677419355,0.227642276422764,0.342105263157895
"Accuracy1","Ordinal","Height",0.322368421052632,0.00229416263063977,0.8,0.204918032786885,0.317880794701987
"Accuracy2","Ordinal","Height",0.337662337662338,0.023741454319453,0.838709677419355,0.211382113821138,0.337662337662338
"Accuracy3","Ordinal","Height",0.348684210526316,0.0296621098787721,0.833333333333333,0.229508196721311,0.335570469798658
"Accuracy4","Ordinal","Height",0.331168831168831,0.00850106263282902,0.806451612903226,0.211382113821138,0.326797385620915
