"","Model","Trait","Accuracy","Kappa","Sensitivity","Specificity","F1"
"Accuracy","Ordinal","Height",0.535483870967742,0.0217391304347827,0.483870967741935,0.548387096774194,0.294117647058824
"Accuracy1","Ordinal","Height",0.490322580645161,0.0435835351089587,0.612903225806452,0.459677419354839,0.324786324786325
"Accuracy2","Ordinal","Height",0.587096774193548,0.0857142857142855,0.516129032258065,0.604838709677419,0.333333333333333
"Accuracy3","Ordinal","Height",0.580645161290323,0.151436031331593,0.67741935483871,0.556451612903226,0.392523364485981
"Accuracy4","Ordinal","Height",0.561290322580645,0.14572864321608,0.709677419354839,0.524193548387097,0.392857142857143
