"","Model","Trait","Accuracy","Kappa","Sensitivity","Specificity","F1"
"Accuracy","Ordinal","Height",0.793548387096774,0.2,0.225806451612903,0.935483870967742,0.304347826086956
"Accuracy1","Ordinal","Height",0.806451612903226,0.271844660194174,0.290322580645161,0.935483870967742,0.375
"Accuracy2","Ordinal","Height",0.767741935483871,0.0721649484536082,0.129032258064516,0.92741935483871,0.181818181818182
"Accuracy3","Ordinal","Height",0.767741935483871,0.0425531914893615,0.0967741935483871,0.935483870967742,0.142857142857143
"Accuracy4","Ordinal","Height",0.780645161290323,0.065934065934066,0.0967741935483871,0.951612903225806,0.15
