"","Model","Trait","Accuracy","Kappa","Sensitivity","Specificity","F1"
"Accuracy","Ordinal","Height",0.329032258064516,0.00763358778625958,0.806451612903226,0.209677419354839,0.324675324675325
"Accuracy1","Ordinal","Height",0.361290322580645,0.0712945590994371,0.935483870967742,0.217741935483871,0.369426751592357
"Accuracy2","Ordinal","Height",0.374193548387097,0.0690978886756238,0.903225806451613,0.241935483870968,0.366013071895425
"Accuracy3","Ordinal","Height",0.341935483870968,0.0267175572519084,0.838709677419355,0.217741935483871,0.337662337662338
"Accuracy4","Ordinal","Height",0.341935483870968,0.0377358490566037,0.870967741935484,0.209677419354839,0.346153846153846
