"","Model","Trait","Accuracy","Kappa","Sensitivity","Specificity","F1"
"Accuracy","Ordinal","Height",0.348387096774194,0.0834845735027223,1,0.185483870967742,0.380368098159509
"Accuracy1","Ordinal","Height",0.341935483870968,0.0485074626865672,0.903225806451613,0.201612903225806,0.354430379746835
"Accuracy2","Ordinal","Height",0.374193548387097,0.0690978886756238,0.903225806451613,0.241935483870968,0.366013071895425
"Accuracy3","Ordinal","Height",0.335483870967742,0.0445269016697588,0.903225806451613,0.193548387096774,0.352201257861635
"Accuracy4","Ordinal","Height",0.361290322580645,0.0388349514563106,0.838709677419355,0.241935483870968,0.344370860927152
