"","Model","Trait","Accuracy","Kappa","Sensitivity","Specificity","F1"
"Accuracy","Ordinal","GY",0.613475177304965,0.0927926332565965,0.473684210526316,0.648888888888889,0.331288343558282
"Accuracy1","Ordinal","GY",0.567857142857143,0.0590979782270606,0.5,0.584821428571429,0.31638418079096
"Accuracy2","Ordinal","GY",0.6,0.0540540540540539,0.428571428571429,0.642857142857143,0.3
"Accuracy3","Ordinal","GY",0.610714285714286,0.0455341506129597,0.392857142857143,0.665178571428571,0.287581699346405
"Accuracy4","Ordinal","GY",0.551601423487544,-0.0115421975887091,0.392857142857143,0.591111111111111,0.258823529411765
