"","Model","Trait","Accuracy","Kappa","Sensitivity","Specificity","F1"
"Accuracy","Ordinal","GY",0.613475177304965,0.143740598362026,0.578947368421053,0.622222222222222,0.377142857142857
"Accuracy1","Ordinal","GY",0.571428571428571,0.0963855421686747,0.571428571428571,0.571428571428571,0.347826086956522
"Accuracy2","Ordinal","GY",0.610714285714286,0.0931780366056573,0.482142857142857,0.642857142857143,0.331288343558282
"Accuracy3","Ordinal","GY",0.603571428571429,0.152671755725191,0.625,0.598214285714286,0.386740331491713
"Accuracy4","Ordinal","GY",0.626334519572954,0.161098632396008,0.589285714285714,0.635555555555556,0.385964912280702
