"","Model","Trait","Accuracy","Kappa","Sensitivity","Specificity","F1"
"Accuracy","Ordinal","GY",0.678571428571429,0.262295081967213,0.678571428571429,0.678571428571429,0.457831325301205
"Accuracy1","Ordinal","GY",0.666666666666667,0.262093678013821,0.714285714285714,0.654708520179372,0.46242774566474
"Accuracy2","Ordinal","GY",0.667857142857143,0.248788368336026,0.678571428571429,0.665178571428571,0.449704142011834
"Accuracy3","Ordinal","GY",0.691756272401434,0.265294874150285,0.642857142857143,0.704035874439462,0.455696202531646
"Accuracy4","Ordinal","GY",0.717857142857143,0.277879341864717,0.589285714285714,0.75,0.455172413793103
