"","Model","Trait","Accuracy","Kappa","Sensitivity","Specificity","F1"
"Accuracy","Ordinal","GY",0.8,0.113924050632911,0.107142857142857,0.973214285714286,0.176470588235294
"Accuracy1","Ordinal","GY",0.799283154121864,0.0209299410953756,0.0178571428571429,0.995515695067265,0.0344827586206896
"Accuracy2","Ordinal","GY",0.8,0,0,1,NA
"Accuracy3","Ordinal","GY",0.792114695340502,0.00675178001473136,0.0178571428571429,0.986547085201794,0.0333333333333333
"Accuracy4","Ordinal","GY",0.8,0.0410958904109584,0.0357142857142857,0.991071428571429,0.0666666666666667
