"","Model","Trait","Accuracy","Kappa","Sensitivity","Specificity","F1"
"Accuracy","Ordinal","GY",0.603571428571429,0.103392568659128,0.517857142857143,0.625,0.343195266272189
"Accuracy1","Ordinal","GY",0.566308243727599,0.039928333759918,0.464285714285714,0.591928251121076,0.300578034682081
"Accuracy2","Ordinal","GY",0.557142857142857,0.0127388535031846,0.428571428571429,0.589285714285714,0.27906976744186
"Accuracy3","Ordinal","GY",0.580645161290323,0.0627637887966925,0.482142857142857,0.605381165919282,0.315789473684211
"Accuracy4","Ordinal","GY",0.585714285714286,0.0764331210191082,0.5,0.607142857142857,0.325581395348837
